Workbook

Sheet Migration Checklist
B2: Q-Trust Stack Migration Checklist
B3: Generated 2026-08-23 · Based on actual manifest inspection (package.json, pyproject.toml, requirements.txt, foundry.toml)
B5: # | C5: Component | D5: Current | E5: New | F5: Priority | G5: Effort | H5: Status | I5: Notes
B6: 1 | C6: Inspector: cryptography lib | D6: cryptography>=41.0.0 (2 CVEs: CVE-2023-50782, CVE-2024-26130) | E6: cryptography>=43.0.0,<45 | F6: P0 | G6: XS | H6: TODO | I6: Pin in inspector/pyproject.toml + sdk/pyproject.toml
B7: 2 | C7: SDK: pynacl dependency | D7: Optional [pqc] extra (runtime ImportError without it) | E7: Required dependency in [project.dependencies] | F7: P0 | G7: XS | H7: TODO | I7: Move from [project.optional-dependencies] to [project.dependencies]
B8: 3 | C8: Backend: security headers | D8: MISSING — no CSP, X-Frame-Options, HSTS, X-Content-Type-Options | E8: @fastify/helmet ^13 | F8: P0 | G8: XS | H8: TODO | I8: npm install @fastify/helmet, register plugin in server.ts
B9: 4 | C9: Backend: OpenAPI docs | D9: openapi.yaml exists but not served | E9: @fastify/swagger ^9 + @fastify/swagger-ui ^5 | F9: P0 | G9: XS | H9: TODO | I9: Exposes /docs endpoint for enterprise integrators
B10: 5 | C10: Backend: input validation | D10: Manual if(!field) checks | E10: @sinclair/typebox + fastify-type-provider-typebox | F10: P0 | G10: S | H10: TODO | I10: Type-safe JSON Schema validation, 10x faster
B11: 6 | C11: Planner: torch version | D11: torch>=2.2 (no upper bound) | E11: torch>=2.5,<3.0 | F11: P0 | G11: XS | H11: TODO | I11: Pin in planner/requirements.txt
B12: 7 | C12: SDK: web3.py | D12: web3.py 6.x | E12: web3.py 7.x (async, better types) | F12: P1 | G12: M | H12: TODO | I12: Native async, smaller bundle, better TypeScript-style hints
B13: 8 | C13: SDK: VC verifier | D13: In-house vc.py (505 LOC, accepts unsigned VCs — Critical bug) | E13: veramo>=7.0.0 (audited, DIF reference impl, VC v2) | F13: P1 | G13: M | H13: TODO | I13: Eliminates Critical bug + adds W3C V2 VCDM support
B14: 9 | C14: SDK: DID resolver | D14: In-house did.py (SSRF vulnerability) | E14: Veramo DID resolver (SSRF-safe) | F14: P1 | G14: S | H14: TODO | I14: Comes bundled with Veramo — replaces ~150 LOC
B15: 10 | C15: Frontend: wallet connection | D15: Custom dynamic-provider.tsx (191 LOC, broken — calls non-existent endpoints) | E15: wagmi@^2 + @rainbow-me/rainbowkit@^2 | F15: P1 | G15: M | H15: TODO | I15: Adds 30+ wallets, chain-switching, mobile support, wrong-network detection
B16: 11 | C16: Frontend: component primitives | D16: None (raw Tailwind) | E16: shadcn/ui + @radix-ui/react-* | F16: P1 | G16: S | H16: TODO | I16: Production-quality accessible components
B17: 12 | C17: Frontend: tests | D17: None (npm run build is the only check) | E17: @playwright/test + vitest + @testing-library/react | F17: P1 | G17: M | H17: TODO | I17: E2E tests for critical user journeys; unit tests for hooks
... B35: 30 | C35: RPC: redundancy | D35: Single RPC endpoint (no fallback) | E35: Multi-RPC pool with automatic failover (Alchemy + QuickNode + Infura) | F35: P3 | G35: S | H35: TODO | I35: If RPC goes down, relayer cannot submit, indexer cannot sync

Sheet Summary by Priority
B2: Migration Summary by Priority
B3: Live formulas — updates as you change Status in the Migration Checklist sheet
B5: Priority | C5: Description | D5: Total | E5: Done | F5: Progress %
B6: P0 | C6: Security-critical — fix this week | D6: =COUNTIF('Migration Checklist'!F6:F35,"P0") | E6: =COUNTIFS('Migration Checklist'!F6:F35,"P0",'Migration Checklist'!H6:H35,"DONE") | F6: =IFERROR(E6/D6,0)
B7: P1 | C7: Modernize for scalability & DX — this month | D7: =COUNTIF('Migration Checklist'!F6:F35,"P1") | E7: =COUNTIFS('Migration Checklist'!F6:F35,"P1",'Migration Checklist'!H6:H35,"DONE") | F7: =IFERROR(E7/D7,0)
B8: P2 | C8: Strategic infrastructure — 60-90 days | D8: =COUNTIF('Migration Checklist'!F6:F35,"P2") | E8: =COUNTIFS('Migration Checklist'!F6:F35,"P2",'Migration Checklist'!H6:H35,"DONE") | F8: =IFERROR(E8/D8,0)
B9: P3 | C9: DevSecOps additions — before production | D9: =COUNTIF('Migration Checklist'!F6:F35,"P3") | E9: =COUNTIFS('Migration Checklist'!F6:F35,"P3",'Migration Checklist'!H6:H35,"DONE") | F9: =IFERROR(E9/D9,0)
B10: TOTAL | D10: =SUM(D6:D9) | E10: =SUM(E6:E9) | F10: =IFERROR(E10/D10,0)

Sheet Summary by Layer
B2: Migration Summary by Component Layer
B3: Which layers of the Q-Trust stack have the most migration work
B5: Layer | C5: Total | D5: Done | E5: In Progress | F5: Progress %
B6: Frontend | C6: =SUMPRODUCT(--(LEFT('Migration Checklist'!C6:C35,LEN("Frontend"))="Frontend")) | D6: =SUMPRODUCT(--(LEFT('Migration Checklist'!C6:C35,LEN("Frontend"))="Frontend"),--('Migration Checklist'!H6:H35="DONE")) | E6: =SUMPRODUCT(--(LEFT('Migration Checklist'!C6:C35,LEN("Frontend"))="Frontend"),--('Migration Checklist'!H6:H35="IN PROGRESS")) | F6: =IFERROR(D6/C6,0)
B7: Backend | C7: =SUMPRODUCT(--(LEFT('Migration Checklist'!C6:C35,LEN("Backend"))="Backend")) | D7: =SUMPRODUCT(--(LEFT('Migration Checklist'!C6:C35,LEN("Backend"))="Backend"),--('Migration Checklist'!H6:H35="DONE")) | E7: =SUMPRODUCT(--(LEFT('Migration Checklist'!C6:C35,LEN("Backend"))="Backend"),--('Migration Checklist'!H6:H35="IN PROGRESS")) | F7: =IFERROR(D7/C7,0)
B8: Inspector | C8: =SUMPRODUCT(--(LEFT('Migration Checklist'!C6:C35,LEN("Inspector"))="Inspector")) | D8: =SUMPRODUCT(--(LEFT('Migration Checklist'!C6:C35,LEN("Inspector"))="Inspector"),--('Migration Checklist'!H6:H35="DONE")) | E8: =SUMPRODUCT(--(LEFT('Migration Checklist'!C6:C35,LEN("Inspector"))="Inspector"),--('Migration Checklist'!H6:H35="IN PROGRESS")) | F8: =IFERROR(D8/C8,0)
B9: SDK | C9: =SUMPRODUCT(--(LEFT('Migration Checklist'!C6:C35,LEN("SDK"))="SDK")) | D9: =SUMPRODUCT(--(LEFT('Migration Checklist'!C6:C35,LEN("SDK"))="SDK"),--('Migration Checklist'!H6:H35="DONE")) | E9: =SUMPRODUCT(--(LEFT('Migration Checklist'!C6:C35,LEN("SDK"))="SDK"),--('Migration Checklist'!H6:H35="IN PROGRESS")) | F9: =IFERROR(D9/C9,0)
B10: Planner | C10: =SUMPRODUCT(--(LEFT('Migration Checklist'!C6:C35,LEN("Planner"))="Planner")) | D10: =SUMPRODUCT(--(LEFT('Migration Checklist'!C6:C35,LEN("Planner"))="Planner"),--('Migration Checklist'!H6:H35="DONE")) | E10: =SUMPRODUCT(--(LEFT('Migration Checklist'!C6:C35,LEN("Planner"))="Planner"),--('Migration Checklist'!H6:H35="IN PROGRESS")) | F10: =IFERROR(D10/C10,0)
B11: Smart contracts | C11: =SUMPRODUCT(--(LEFT('Migration Checklist'!C6:C35,LEN("Smart contracts"))="Smart contracts")) | D11: =SUMPRODUCT(--(LEFT('Migration Checklist'!C6:C35,LEN("Smart contracts"))="Smart contracts"),--('Migration Checklist'!H6:H35="DONE")) | E11: =SUMPRODUCT(--(LEFT('Migration Checklist'!C6:C35,LEN("Smart contracts"))="Smart contracts"),--('Migration Checklist'!H6:H35="IN PROGRESS")) | F11: =IFERROR(D11/C11,0)
B12: Storage | C12: =SUMPRODUCT(--(LEFT('Migration Checklist'!C6:C35,LEN("Storage"))="Storage")) | D12: =SUMPRODUCT(--(LEFT('Migration Checklist'!C6:C35,LEN("Storage"))="Storage"),--('Migration Checklist'!H6:H35="DONE")) | E12: =SUMPRODUCT(--(LEFT('Migration Checklist'!C6:C35,LEN("Storage"))="Storage"),--('Migration Checklist'!H6:H35="IN PROGRESS")) | F12: =IFERROR(D12/C12,0)
B13: Blockchain | C13: =SUMPRODUCT(--(LEFT('Migration Checklist'!C6:C35,LEN("Blockchain"))="Blockchain")) | D13: =SUMPRODUCT(--(LEFT('Migration Checklist'!C6:C35,LEN("Blockchain"))="Blockchain"),--('Migration Checklist'!H6:H35="DONE")) | E13: =SUMPRODUCT(--(LEFT('Migration Checklist'!C6:C35,LEN("Blockchain"))="Blockchain"),--('Migration Checklist'!H6:H35="IN PROGRESS")) | F13: =IFERROR(D13/C13,0)
B14: DevOps | C14: =SUMPRODUCT(--(LEFT('Migration Checklist'!C6:C35,LEN("DevOps"))="DevOps")) | D14: =SUMPRODUCT(--(LEFT('Migration Checklist'!C6:C35,LEN("DevOps"))="DevOps"),--('Migration Checklist'!H6:H35="DONE")) | E14: =SUMPRODUCT(--(LEFT('Migration Checklist'!C6:C35,LEN("DevOps"))="DevOps"),--('Migration Checklist'!H6:H35="IN PROGRESS")) | F14: =IFERROR(D14/C14,0)

Sheet Legend & Guide
B2: Legend & Effort Guide
B4: Priority | C4: Meaning | D4: When to do | E4: Color
B5: P0 | C5: Security-critical | D5: This week (1-7 days)
B6: P1 | C6: Modernize for scalability & DX | D6: This month (1-4 weeks)
B7: P2 | C7: Strategic infrastructure | D7: 60-90 days
B8: P3 | C8: DevSecOps / before production | D8: Before public mainnet launch
B11: Effort | C11: Engineering time | D11: Typical scope
B12: XS | C12: < 2 hours | D12: Single file change, version bump, dependency swap
B13: S | C13: < 1 day | D13: Single component, small refactor, add a library
B14: M | C14: 1-3 days | D14: Multi-file change, new integration, moderate refactor
B15: L | C15: 1-2 weeks | D15: Architectural change, new feature, contract migration
B16: XL | C16: 2-4 weeks | D16: Multi-system change, new infrastructure, large migration
B19: Status | C19: Meaning
B20: TODO | C20: Not started — default state
B21: IN PROGRESS | C21: Currently being worked on
B22: DONE | C22: Completed and verified
B23: SKIPPED | C23: Decided not to do — record reason in Notes
B26: How to use this workbook
B27: 1. Open the "Migration Checklist" sheet — this is the master list of 28 stack changes.
B28: 2. Use the Status dropdown (TODO / IN PROGRESS / DONE / SKIPPED) to track progress.
B29: 3. Use the Priority dropdown to re-prioritize items if your context changes.
B30: 4. Use the Effort dropdown to adjust effort estimates (XS / S / M / L / XL).
B31: 5. Filter by Priority, Effort, or Status using the filter arrows in row 5.
B32: 6. The "Summary by Priority" sheet auto-updates with live formulas — no manual counts.
B33: 7. The "Summary by Layer" sheet shows which layers have the most migration work.
B34: 8. Suggested order: do all P0 items first (security-critical, all XS-S effort), then P1.
B35: 9. The 5 highest-impact items are: cryptography pin, helmet+swagger, wagmi+RainbowKit, Veramo, EAS schemas.
B36: 10. Completing all P0 + P1 items moves production readiness from 38/100 to ~65/100 in 2-3 sprints.
